city,product_type,status,request_time,begin_trip_time,begintrip_lat,begintrip_lng,begintrip_address,dropoff_time,dropoff_lat,dropoff_lng,dropoff_address,distance,fare_currency,fare_amount
Mexico City,uberX,completed,2025-03-20T07:12:01.000Z,2025-03-20T07:19:23.000Z,19.479118,-99.14025,,2025-03-20T07:44:52.000Z,19.604471,-99.05231,"Cerrada Tonatico 26, 55025 Ecatepec de Morelos, México",13.1,Mexican Peso,199.99
Queretaro,uberX,completed,2025-03-20T00:18:17.000Z,2025-03-20T00:22:21.000Z,20.578617,-100.359344,,2025-03-20T00:42:57.000Z,20.616064,-100.399734,"Blvd. Bernardo Quintana Arrioja 4115-B, San Pablo Tecnologico, 76010 Santiago de Querétaro, Qro., México",5.99,Mexican Peso,81.69
Leon,uberX,completed,2025-03-19T18:48:57.000Z,2025-03-19T18:59:21.000Z,21.080164,-101.66483,,2025-03-19T19:13:01.000Z,21.11873,-101.66229,"Blv Adolfo López Mateos 1601, Los Gavilanes, 37270 León, GUA",3.39,Mexican Peso,54.97
Leon,uberX,completed,2025-03-19T17:19:39.000Z,2025-03-19T17:21:23.000Z,21.121338,-101.661804,,2025-03-19T17:36:39.000Z,21.080206,-101.665054,"Av. Industria, San José 204, De Cemento, 37555 León de los Aldama, Gto., México",3.59,Mexican Peso,56.79
Mexico City,uberX,completed,2025-03-19T10:11:13.000Z,2025-03-19T10:17:19.000Z,19.604452,-99.05228,,2025-03-19T10:38:46.000Z,19.47799,-99.13978,"Eje Central Lázaro Cárdenas 4907, Gustavo A. Madero, 07760 Ciudad de México, Ciudad de México",12.26,Mexican Peso,169.9
Mexico City,uberX,completed,2025-02-10T10:15:00.000Z,2025-02-10T10:16:16.000Z,19.604456,-99.052284,,2025-02-10T10:40:04.000Z,19.47799,-99.13984,"Eje Central Lázaro Cárdenas 4907, Gustavo A. Madero, 07760 Ciudad de México, Ciudad de México",12.33,Mexican Peso,249.98
Mexico City,uberX,completed,2025-01-15T10:15:00.000Z,2025-01-15T10:16:12.000Z,19.604446,-99.05239,,2025-01-15T10:37:20.000Z,19.47819,-99.139824,"Eje Central Lázaro Cárdenas 4907, Gustavo A. Madero, 07760 Ciudad de México, Ciudad de México",12.26,Mexican Peso,249.98
Mexico City,uberX,completed,2024-12-18T10:15:00.000Z,2024-12-18T10:11:52.000Z,19.604479,-99.05232,,2024-12-18T10:31:27.000Z,19.479155,-99.139626,"Eje Central Lázaro Cárdenas 4907, Gustavo A. Madero, 07760 Ciudad de México, Ciudad de México",12.41,Mexican Peso,299.9
Mexico City,uberX,completed,2024-12-02T10:20:00.000Z,2024-12-02T10:20:18.000Z,19.604454,-99.05225,,2024-12-02T11:11:10.000Z,19.47826,-99.13998,Terminal Central del Norte del D.F. S.A. de C.V.,14.77,Mexican Peso,289.96
Mexico City,uberX,completed,2024-10-14T10:50:00.000Z,2024-10-14T10:46:17.000Z,19.604452,-99.05233,"Cerrada Tonatico 26, 55025 Ecatepec de Morelos, México",2024-10-14T11:16:04.000Z,19.47869,-99.13959,"Eje Central Lázaro Cárdenas 4907, Gustavo A. Madero, 07760 Ciudad de México, Ciudad de México",12.31,Mexican Peso,279.92
Mexico City,uberX,completed,2024-10-04T09:45:00.000Z,2024-10-04T09:39:25.000Z,19.60445,-99.05228,"Cerrada Tonatico 26, 55025 Ecatepec de Morelos, México",2024-10-04T09:52:36.000Z,19.539854,-99.05862,"Av Via Jose Maria Morelos 439, Pbo Santa Clara Coatitla Ecatepec de Morelos, 55540 Ecatepec de Morelos, México",5.34,Mexican Peso,186.2
Mexico City,uberX,completed,2020-04-25T15:20:32.000Z,2020-04-25T15:21:39.000Z,19.46424,-99.04943,,2020-04-25T15:40:59.000Z,19.39929,-99.13812,"Calle Aragón 95, Álamos, Benito Juárez",8.25,Mexican Peso,104.64
Mexico City,uberX,completed,2020-03-20T19:17:49.000Z,2020-03-20T19:21:32.000Z,19.3618045,-99.1218504,,2020-03-20T19:52:24.000Z,19.469296,-99.0541342,"B. de Mongolia 82, Bosques de Aragon, 57170 Nezahualcóyotl, Méx., México",10.57,Mexican Peso,146.28
Mexico City,uberX,completed,2020-03-20T18:19:30.000Z,2020-03-20T18:23:07.000Z,19.3993627,-99.138101,,2020-03-20T18:40:04.000Z,19.3614998,-99.1220646,"Calz. de la Viga 862, Héroes de Churubusco, Iztapalapa, 09090 Ciudad de México, CDMX, México",4.66,Mexican Peso,75.9
Mexico City,uberX,completed,2019-12-19T14:37:57.000Z,2019-12-19T14:43:58.000Z,19.487612,-99.0490114,,2019-12-19T15:46:40.000Z,19.4116058,-99.1674201,"Calle Ámsterdam 255, Hipódromo, 06100 Cuauhtémoc, Ciudad de México",12.18,Mexican Peso,225.94
Mexico City,uberX,completed,2019-12-13T16:28:58.000Z,2019-12-13T16:37:08.000Z,19.4874782,-99.0489946,,2019-12-13T17:24:56.000Z,19.3992776,-99.1380772,"Calle Aragón 95, Álamos, 03400 Benito Juárez, Ciudad de México",11.54,Mexican Peso,184.58
Mexico City,uberX,completed,2019-12-12T22:06:42.000Z,2019-12-12T22:09:17.000Z,19.3993515,-99.1381564,,2019-12-12T22:48:52.000Z,19.4876572,-99.048903,"Av. Central 764, Valle de Aragon 1ra Secc, 57100 Nezahualcóyotl, Méx., México",11.22,Mexican Peso,172.64
Mexico City,uberX,completed,2019-11-28T00:08:39.000Z,2019-11-28T00:10:58.000Z,19.399271,-99.1381229,,2019-11-28T01:28:36.000Z,19.4883513,-99.0485999,"Av. Central 764, Valle de Aragon 1ra Secc, 57100 Nezahualcóyotl, Méx., México",13.44,Mexican Peso,264.06
Mexico City,uberX,completed,2019-11-27T15:19:54.000Z,2019-11-27T15:20:43.000Z,19.4715432,-99.0547789,,2019-11-27T15:53:12.000Z,19.4073485,-99.0816793,"Jamaica, 15840 Ciudad de México, CDMX, México",7.41,Mexican Peso,127.56
Mexico City,uberX,completed,2019-11-26T22:28:59.000Z,2019-11-26T22:31:44.000Z,19.3992096,-99.1380897,,2019-11-26T23:10:50.000Z,19.4875526,-99.049055,"Av. Central 764, Valle de Aragon 1ra Secc, 57100 Nezahualcóyotl, Méx., México",12.61,Mexican Peso,175.52
Mexico City,uberX,completed,2019-11-22T01:05:03.000Z,2019-11-22T01:09:22.000Z,19.399227,-99.1380766,,2019-11-22T02:07:58.000Z,19.4875199,-99.0489711,"Av. Central 764, Valle de Aragon 1ra Secc, 57100 Nezahualcóyotl, Méx., México",12.1,Mexican Peso,221.19
Mexico City,uberX,completed,2019-11-12T15:09:21.000Z,2019-11-12T15:11:26.000Z,19.47166,-99.05476,,2019-11-12T16:08:09.000Z,19.31428,-99.13651,"Prol. División del Nte. 3901, Coapa, Ex-Hacienda Coapa, 04850 Ciudad de México, CDMX, México",16.62,Mexican Peso,243.78
Mexico City,uberX,completed,2019-10-31T22:21:17.000Z,2019-10-31T22:25:05.000Z,19.3992081,-99.1380959,,2019-10-31T23:20:11.000Z,19.4586331,-99.1574059,"Avenida Profesora Eulalia Guzmán 146, Atlampa, 06450 Cuauhtémoc, Ciudad de México",6.28,Mexican Peso,161.72
Mexico City,uberX,completed,2019-10-31T16:28:21.000Z,2019-10-31T16:32:16.000Z,19.4874782,-99.0490405,,2019-10-31T17:19:48.000Z,19.3990482,-99.1381617,"Calle Aragón 95, Álamos, 03400 Benito Juárez, Ciudad de México",10.39,Mexican Peso,173.46
Mexico City,uberX,completed,2019-10-29T15:47:46.000Z,2019-10-29T15:50:11.000Z,19.4457737,-99.1535117,,2019-10-29T16:02:12.000Z,19.4328635,-99.1751992,"Calle Goethe 140, Anzures, 11590 Miguel Hidalgo, Ciudad de México",2.18,Mexican Peso,46.94
Mexico City,uberX,completed,2019-10-26T20:18:44.000Z,2019-10-26T20:19:54.000Z,19.3930983,-99.1748583,,2019-10-26T21:26:20.000Z,19.4875433,-99.048965,"Av. Central 764, Valle de Aragon 1ra Secc, 57100 Nezahualcóyotl, Méx., México",13.13,Mexican Peso,233.44
Mexico City,uberX,completed,2019-10-26T16:01:13.000Z,2019-10-26T16:14:22.000Z,19.4691756,-99.054155,,2019-10-26T17:00:54.000Z,19.3931583,-99.1745267,"Montecito 38, Col Nápoles Benito Juárez, 03810 Ciudad de México",12.11,Mexican Peso,182.44
Mexico City,uberX,completed,2019-10-26T01:30:33.000Z,2019-10-26T01:34:34.000Z,19.3931586,-99.1748576,,2019-10-26T03:07:54.000Z,19.487541,-99.0490386,"Av. Central 764, Valle de Aragon 1ra Secc, 57100 Nezahualcóyotl, Méx., México",16.02,Mexican Peso,439.88
Mexico City,uberX,completed,2019-10-25T00:38:41.000Z,2019-10-25T00:45:46.000Z,19.3932269,-99.1747924,,2019-10-25T01:23:51.000Z,19.3465026,-99.2131153,"Blvd. Adolfo López Mateos 2551, Lomas de San Ángel Inn, 01790 Ciudad de México, CDMX, México",5.28,Mexican Peso,115.98
Mexico City,uberX,completed,2019-10-24T17:50:58.000Z,2019-10-24T17:51:47.000Z,19.3992,-99.13814,,2019-10-24T18:10:03.000Z,19.39314,-99.17477,"Montecito 38, Col Nápoles Benito Juárez, 03810 Ciudad de México",3.97,Mexican Peso,72.89
Mexico City,uberX,completed,2019-10-24T01:53:58.000Z,2019-10-24T01:59:29.000Z,19.4697356,-99.0528452,,2019-10-24T02:15:42.000Z,19.4874802,-99.0490434,"Av. Central 764, Valle de Aragon 1ra Secc, 57100 Nezahualcóyotl, Méx., México",2.58,Mexican Peso,58.23
Mexico City,uberX,completed,2019-10-23T23:44:00.000Z,2019-10-23T23:47:10.000Z,19.3930217,-99.1747854,,2019-10-24T00:50:55.000Z,19.4696487,-99.0528063,"Calle de los Bosques de Mongolia 82, Bosques de Aragón, 57170 Ciudad Nezahualcóyotl, Ciudad de México",11.89,Mexican Peso,215.37
Mexico City,uberX,completed,2019-10-23T18:58:47.000Z,2019-10-23T19:00:57.000Z,19.3992092,-99.1381281,,2019-10-23T19:24:49.000Z,19.3930885,-99.1752989,"Montecito 38, Col Nápoles Benito Juárez, 03810 Ciudad de México",3.82,Mexican Peso,81.69
Mexico City,uberX,completed,2019-10-23T15:22:26.000Z,2019-10-23T15:28:47.000Z,19.4697347,-99.0528625,,2019-10-23T15:56:38.000Z,19.39925,-99.1382193,"Calle Aragón 95, Álamos, 03400 Benito Juárez, Ciudad de México",9.53,Mexican Peso,128.84
Mexico City,uberX,driver_canceled,2019-10-23T15:16:17.000Z,,19.4694912,-99.0526974,,,19.4717301,-99.0537059,"Calle Aragón 95, Álamos, 03400 Benito Juárez, Ciudad de México",0.0,Mexican Peso,35.0
Mexico City,uberX,completed,2019-10-22T23:16:26.000Z,2019-10-22T23:18:21.000Z,19.3992754,-99.1380908,,2019-10-23T00:16:01.000Z,19.4875355,-99.0489324,"Av. Central 764, Valle de Aragon 1ra Secc, 57100 Nezahualcóyotl, Méx., México",11.09,Mexican Peso,200.2
Mexico City,uberX,completed,2019-10-22T14:54:34.000Z,2019-10-22T14:57:13.000Z,19.4697003,-99.0528457,,2019-10-22T15:28:09.000Z,19.3992728,-99.1380883,"Calle Aragón 95, Álamos, 03400 Benito Juárez, Ciudad de México",10.5,Mexican Peso,140.58
Mexico City,uberX,completed,2019-10-21T23:58:20.000Z,2019-10-22T00:01:54.000Z,19.3934047,-99.1756361,,2019-10-22T00:47:22.000Z,19.346492,-99.2130788,"Blvd. Adolfo López Mateos 2551, Lomas de San Ángel Inn, 01790 Ciudad de México, CDMX, México",5.67,Mexican Peso,135.17
Mexico City,uberX,completed,2019-10-21T21:33:39.000Z,2019-10-21T21:36:45.000Z,19.3992264,-99.1381338,,2019-10-21T21:56:45.000Z,19.3928875,-99.1749561,"Montecito 38, Col Nápoles Benito Juárez, 03810 Ciudad de México",3.26,Mexican Peso,69.54
Mexico City,uberX,completed,2019-10-21T13:45:58.000Z,2019-10-21T13:49:02.000Z,19.4875142,-99.0490127,,2019-10-21T14:40:36.000Z,19.5072755,-99.2337151,"interior 102, Cto. Medicos 17, Cd. Satélite, 53100 Naucalpan de Juárez, Méx., México",15.95,Mexican Peso,219.22
Mexico City,uberX,completed,2019-10-17T14:11:12.000Z,2019-10-17T14:13:33.000Z,19.471497,-99.0547288,,2019-10-17T15:30:31.000Z,19.3932437,-99.1749099,"Montecito 38, Col Nápoles Benito Juárez, 03810 Ciudad de México",14.3,Mexican Peso,248.07
Mexico City,uberX,completed,2019-10-09T14:58:12.000Z,2019-10-09T15:00:12.000Z,19.4457707,-99.1535063,,2019-10-09T15:27:05.000Z,19.436297,-99.2209271,"Av Industria Militar S/N, Miguel Hidalgo, Col Residencial Militar Miguel Hidalgo, 11600 Ciudad de México, Ciudad de México",5.48,Mexican Peso,97.05
Mexico City,uberX,completed,2019-10-08T16:21:20.000Z,2019-10-08T16:23:42.000Z,19.3991784,-99.1381092,,2019-10-08T16:55:32.000Z,19.4402782,-99.2047036,"Lago Zúric 245, Miguel Hidalgo 245, Col Ampliación Granada Miguel Hidalgo, 11529 Ciudad de México, Ciudad de México",7.28,Mexican Peso,121.88
Mexico City,uberX,completed,2019-10-04T05:35:00.000Z,2019-10-04T05:37:21.000Z,19.4139097,-99.1649767,,2019-10-04T06:07:25.000Z,19.4209036,-99.0500445,"Calle 11, Estado de Mexico, Nezahualcóyotl, Méx., México",9.52,Mexican Peso,321.06
Mexico City,uberX,completed,2019-10-03T20:59:41.000Z,2019-10-03T21:01:29.000Z,19.3992769,-99.1381293,,2019-10-03T21:42:34.000Z,19.4875063,-99.048976,"Av. Central 764, Valle de Aragon 1ra Secc, 57100 Nezahualcóyotl, Méx., México",11.06,Mexican Peso,166.8
Mexico City,uberX,completed,2019-10-03T14:12:51.000Z,2019-10-03T14:17:24.000Z,19.47354,-99.0551767,,2019-10-03T15:07:18.000Z,19.3709783,-99.1797,"Parroquia 194, Col Del Valle Benito Juárez, 03100 Ciudad de México",15.88,Mexican Peso,218.83
Mexico City,uberX,completed,2019-10-02T22:30:06.000Z,2019-10-02T22:31:10.000Z,19.399215,-99.1381593,,2019-10-02T23:06:46.000Z,19.4691383,-99.0542267,"Calle de los Bosques de Mongolia 82, Bosques de Aragón, 57170 Ciudad Nezahualcóyotl, Ciudad de México",9.95,Mexican Peso,147.6
Mexico City,uberX,completed,2019-09-27T23:11:26.000Z,2019-09-27T23:14:27.000Z,19.3992826,-99.1381242,,2019-09-28T00:22:23.000Z,19.4875132,-99.0489619,"Av. Central 764, Valle de Aragon 1ra Secc, 57100 Nezahualcóyotl, Méx., México",11.72,Mexican Peso,224.26
Mexico City,uberX,completed,2019-09-25T02:29:41.000Z,2019-09-25T02:31:31.000Z,19.3992575,-99.1381026,,2019-09-25T03:05:03.000Z,19.4876495,-99.0490549,"Av. Central 764, Valle de Aragon 1ra Secc, 57100 Nezahualcóyotl, Méx., México",11.09,Mexican Peso,151.53
Mexico City,uberX,completed,2019-09-25T00:37:50.000Z,2019-09-25T01:16:37.000Z,19.4381621,-99.219171,,2019-09-25T02:27:40.000Z,19.3992267,-99.1381402,"Calle Aragón 95, Álamos, 03400 Benito Juárez, Ciudad de México",7.55,Mexican Peso,402.45
Mexico City,uberX,completed,2019-09-24T21:57:44.000Z,2019-09-24T21:59:57.000Z,19.3992241,-99.1381203,,2019-09-24T23:01:47.000Z,19.4363811,-99.22092,"Av. Industria Militar S/N, Lomas de Sotelo, Residencial Militar, 11600 Ciudad de México, CDMX, México",7.65,Mexican Peso,185.13
Mexico City,uberX,completed,2019-09-20T23:58:18.000Z,2019-09-21T00:02:06.000Z,19.3993477,-99.1380991,,2019-09-21T01:13:38.000Z,19.4876144,-99.0490061,"Av. Central 764, Valle de Aragon 1ra Secc, 57100 Nezahualcóyotl, Méx., México",11.25,Mexican Peso,229.44
Mexico City,uberX,completed,2019-09-20T14:50:08.000Z,2019-09-20T14:54:38.000Z,19.4409768,-99.1553262,,2019-09-20T15:18:31.000Z,19.4385726,-99.2017831,"Av Ejército NAcioNAl 843, Miguel Hidalgo, Col Granada Miguel Hidalgo, 11520 Ciudad de México, Ciudad de México",3.9,Mexican Peso,83.22
Mexico City,uberX,completed,2019-09-19T23:23:14.000Z,2019-09-19T23:25:45.000Z,19.3991883,-99.138125,,2019-09-20T00:41:26.000Z,19.4876,-99.04904,"Av. Central 764, Valle de Aragon 1ra Secc, 57100 Nezahualcóyotl, Méx., México",11.33,Mexican Peso,234.17
Mexico City,uberX,completed,2019-09-17T23:18:24.000Z,2019-09-17T23:20:17.000Z,19.3992559,-99.1381291,,2019-09-18T00:16:09.000Z,19.4875875,-99.0490362,"Av. Central 764, Valle de Aragon 1ra Secc, 57100 Nezahualcóyotl, Méx., México",11.6,Mexican Peso,199.22
Mexico City,uberX,completed,2019-09-16T23:06:32.000Z,2019-09-16T23:08:15.000Z,19.4875601,-99.0490381,,2019-09-16T23:53:28.000Z,19.5012239,-99.2266639,"Cto. de las Flores 238, Jardines de la Florida, 53130 Naucalpan de Juárez, Méx., México",15.55,Mexican Peso,203.73
Mexico City,uberX,completed,2019-09-13T16:10:25.000Z,2019-09-13T16:11:48.000Z,19.4299476,-99.1973374,,2019-09-13T16:24:25.000Z,19.440255,-99.2041244,"Lago Zúric 245, Miguel Hidalgo 245, Col Ampliación Granada Miguel Hidalgo, 11529 Ciudad de México, Ciudad de México",1.87,Mexican Peso,46.48
Mexico City,uberX,completed,2019-09-13T14:09:03.000Z,2019-09-13T14:11:02.000Z,19.4876041,-99.0490382,,2019-09-13T15:05:49.000Z,19.4299784,-99.1973004,"Emilio Castelar 111, Miguel Hidalgo, Col Polanco Miguel Hidalgo, 11560 Ciudad de México, Ciudad de México",14.22,Mexican Peso,216.05
Mexico City,uberX,completed,2019-09-12T22:41:32.000Z,2019-09-12T22:43:13.000Z,19.4191006,-99.1298111,,2019-09-12T23:26:00.000Z,19.4874601,-99.0490745,"Av. Central 764, Valle de Aragon 1ra Secc, 57100 Nezahualcóyotl, Méx., México",10.33,Mexican Peso,160.69
Mexico City,uberX,completed,2019-09-12T21:43:50.000Z,2019-09-12T21:45:49.000Z,19.3992921,-99.1381237,,2019-09-12T22:02:43.000Z,19.4191259,-99.1298268,"Lorenzo Boturini Esq Francisco Clavijero, Col Tránsito Cuauhtémoc, 06820 Ciudad de México, Ciudad de México",3.25,Mexican Peso,63.47
Mexico City,uberX,completed,2019-09-12T14:20:49.000Z,2019-09-12T14:33:20.000Z,19.4736744,-99.0551152,,2019-09-12T15:13:49.000Z,19.3992143,-99.1381008,"Calle Aragón 95, Álamos, 03400 Benito Juárez, Ciudad de México",9.41,Mexican Peso,151.17
Mexico City,uberX,completed,2019-09-11T23:47:52.000Z,2019-09-11T23:51:34.000Z,19.3992041,-99.138158,,2019-09-12T00:45:01.000Z,19.4875279,-99.0490045,"Av. Central 764, Valle de Aragon 1ra Secc, 57100 Nezahualcóyotl, Méx., México",11.71,Mexican Peso,196.22
Mexico City,uberX,completed,2019-09-06T21:39:58.000Z,2019-09-06T21:42:47.000Z,19.3992841,-99.1380899,,2019-09-06T22:25:35.000Z,19.4875746,-99.0490554,"Av. Central 764, Valle de Aragon 1ra Secc, 57100 Nezahualcóyotl, Méx., México",11.29,Mexican Peso,171.75
Mexico City,uberX,completed,2019-09-06T18:35:41.000Z,2019-09-06T18:36:53.000Z,19.2741874,-99.1240616,,2019-09-06T19:21:40.000Z,19.3993166,-99.1381597,"Calle Aragón 95, Álamos, 03400 Benito Juárez, Ciudad de México",11.92,Mexican Peso,177.44
Mexico City,uberX,completed,2019-09-06T16:35:15.000Z,2019-09-06T16:37:02.000Z,19.3992603,-99.1380885,,2019-09-06T17:03:34.000Z,19.2742248,-99.1241029,"Prolongación Ignacio Aldama 73, Paseos del Sur, 16010 Ciudad de México, CDMX, México",11.19,Mexican Peso,134.05
Mexico City,uberX,completed,2019-09-03T22:24:42.000Z,2019-09-03T22:30:50.000Z,19.3829491,-99.1665212,,2019-09-03T23:21:05.000Z,19.466341,-99.0559483,"Av. Central 764, Valle de Aragon 1ra Secc, 57100 Nezahualcóyotl, Méx., México",13.46,Mexican Peso,199.13
Mexico City,uberX,completed,2019-09-03T18:42:46.000Z,2019-09-03T18:47:08.000Z,19.4397227,-99.2149086,,2019-09-03T19:08:00.000Z,19.3875256,-99.1655197,"Avenida Amores 764, Del Valle Centro, 03100 Benito Juárez, Ciudad de México",5.77,Mexican Peso,90.43
Mexico City,uberX,completed,2019-09-03T17:04:12.000Z,2019-09-03T17:06:44.000Z,19.3994192,-99.138155,,2019-09-03T17:40:40.000Z,19.4366306,-99.2206438,"Av. Industria Militar S/N, Lomas de Sotelo, Residencial Militar, 11600 Ciudad de México, CDMX, México",8.9,Mexican Peso,136.42
Mexico City,uberX,completed,2019-09-03T14:06:09.000Z,2019-09-03T14:08:53.000Z,19.4732531,-99.0547869,,2019-09-03T14:43:46.000Z,19.3992407,-99.1380694,"Calle Aragón 95, Álamos, 03400 Benito Juárez, Ciudad de México",9.33,Mexican Peso,142.31
Mexico City,uberX,completed,2019-09-02T21:30:46.000Z,2019-09-02T21:32:33.000Z,19.41152,-99.17617,,2019-09-02T21:40:06.000Z,19.40608,-99.1676,"Tuxpan 16, Roma Sur, 06760 Ciudad de México, CDMX, México",1.09,Mexican Peso,40.14
Mexico City,uberX,completed,2019-09-02T20:46:15.000Z,2019-09-02T20:49:51.000Z,19.4060641,-99.1674432,,2019-09-02T20:55:46.000Z,19.4115294,-99.1763828,"Avenida Michoacán 121, Condesa, 06140 Cuauhtémoc, Ciudad de México",0.96,Mexican Peso,40.14
Mexico City,uberX,completed,2019-09-02T03:15:44.000Z,2019-09-02T03:18:12.000Z,19.42275,-99.16967,,2019-09-02T03:46:01.000Z,19.48752,-99.049,"Av. Central 764, Valle de Aragon 1ra Secc, 57100 Nezahualcóyotl, Méx., México",13.14,Mexican Peso,151.95
Mexico City,uberX,completed,2019-08-31T11:50:45.000Z,2019-08-31T11:54:00.000Z,19.48753,-99.049,,2019-08-31T12:19:51.000Z,19.42265,-99.16987,"Calle Londres 251, Juárez, 06600 Cuauhtémoc, Ciudad de México",12.45,Mexican Peso,143.73
Mexico City,uberX,completed,2019-08-30T19:25:33.000Z,2019-08-30T19:28:15.000Z,19.3992251,-99.1381354,,2019-08-30T20:19:15.000Z,19.4878169,-99.048879,"Av. Central 764, Valle de Aragon 1ra Secc, 57100 Nezahualcóyotl, Méx., México",13.04,Mexican Peso,196.6
Mexico City,uberX,completed,2019-08-30T17:10:40.000Z,2019-08-30T17:18:34.000Z,19.4179934,-99.1680543,,2019-08-30T17:33:37.000Z,19.4018318,-99.1543879,"Av Cuauhtémoc Esq con Viaducto Miguel Alemán 462, Benito Juárez, Col Narvarte Benito Juárez, 03000 Ciudad de México, Ciudad de México",2.22,Mexican Peso,61.19
Mexico City,uberX,completed,2019-08-30T16:05:10.000Z,2019-08-30T16:07:43.000Z,19.3992525,-99.1381124,,2019-08-30T16:32:59.000Z,19.4199234,-99.167166,"Calle Durango 195, Roma Norte, 06700 Cuauhtémoc, Ciudad de México",3.44,Mexican Peso,82.36
Mexico City,uberX,completed,2019-08-30T14:09:50.000Z,2019-08-30T14:14:04.000Z,19.4875,-99.04901,,2019-08-30T15:02:36.000Z,19.3992,-99.13814,"Calle Aragón 96, Álamos, 03400 Benito Juárez, Ciudad de México",10.13,Mexican Peso,177.94
Mexico City,uberX,completed,2019-08-29T19:50:58.000Z,2019-08-29T19:56:42.000Z,19.4021745,-99.1364817,,2019-08-29T20:34:03.000Z,19.4874601,-99.049135,"Av. Central 764, Valle de Aragon 1ra Secc, 57100 Nezahualcóyotl, Méx., México",11.61,Mexican Peso,158.67
Mexico City,uberX,completed,2019-08-28T22:21:22.000Z,2019-08-28T22:23:27.000Z,19.4017651,-99.1365394,,2019-08-28T22:59:01.000Z,19.4875549,-99.0490603,"Av. Central 764, Valle de Aragon 1ra Secc, 57100 Nezahualcóyotl, Méx., México",11.6,Mexican Peso,158.69
Mexico City,uberX,completed,2019-08-27T23:50:12.000Z,2019-08-27T23:51:24.000Z,19.4021143,-99.1364462,,2019-08-28T00:42:28.000Z,19.4873956,-99.0491319,"Av. Central 764, Valle de Aragon 1ra Secc, 57100 Nezahualcóyotl, Méx., México",10.54,Mexican Peso,176.1
Mexico City,uberX,completed,2019-08-27T17:25:24.000Z,2019-08-27T17:26:36.000Z,19.3991725,-99.1380275,,2019-08-27T18:12:01.000Z,19.4364333,-99.2207983,"Av. Industria Militar S/N, Lomas de Sotelo, Residencial Militar, 11600 Ciudad de México, CDMX, México",10.45,Mexican Peso,164.88
Mexico City,uberX,completed,2019-08-26T18:21:10.000Z,2019-08-26T18:21:55.000Z,19.4018791,-99.1365229,,2019-08-26T18:43:04.000Z,19.4692537,-99.054184,"Calle de los Bosques de Mongolia 82, Bosques de Aragón, 57170 Ciudad Nezahualcóyotl, Ciudad de México",8.74,Mexican Peso,108.38
Mexico City,uberX,completed,2019-08-26T13:49:27.000Z,2019-08-26T13:56:18.000Z,19.4875782,-99.0490347,,2019-08-26T14:48:22.000Z,19.4258366,-99.1708615,"Av. Paseo de la Reforma 423, Cuauhtémoc, 06500 Ciudad de México, CDMX, México",12.51,Mexican Peso,199.45
Mexico City,uberX,completed,2019-08-23T22:42:48.000Z,2019-08-23T22:45:15.000Z,19.3992673,-99.1381052,,2019-08-24T00:02:55.000Z,19.4875135,-99.0489734,"Av. Central 764, Valle de Aragon 1ra Secc, 57100 Nezahualcóyotl, Méx., México",15.01,Mexican Peso,265.09
Mexico City,uberX,completed,2019-08-23T00:38:13.000Z,2019-08-23T00:39:28.000Z,19.4023214,-99.1364866,,2019-08-23T01:29:41.000Z,19.4876375,-99.0489337,"Av. Central 764, Valle de Aragon 1ra Secc, 57100 Nezahualcóyotl, Méx., México",10.41,Mexican Peso,180.46
Mexico City,uberX,completed,2019-08-21T21:59:22.000Z,2019-08-21T22:00:10.000Z,19.39929,-99.13812,,2019-08-21T22:37:33.000Z,19.48754,-99.04899,"Av. Central 764, Valle de Aragon 1ra Secc, 57100 Nezahualcóyotl, Méx., México",11.28,Mexican Peso,158.36
Mexico City,uberX,completed,2019-08-20T19:55:59.000Z,2019-08-20T19:57:56.000Z,19.3992377,-99.13809,,2019-08-20T20:35:58.000Z,19.4874013,-99.0491097,"Av. Central 764, Valle de Aragon 1ra Secc, 57100 Nezahualcóyotl, Méx., México",11.25,Mexican Peso,161.36
Mexico City,uberX,completed,2019-08-15T00:03:18.000Z,2019-08-15T00:15:22.000Z,19.40245,-99.1363867,,2019-08-15T01:01:14.000Z,19.487585,-99.0489633,"Av. Central 764, Valle de Aragon 1ra Secc, 57100 Nezahualcóyotl, Méx., México",10.14,Mexican Peso,170.96
Mexico City,uberX,completed,2019-08-14T17:28:37.000Z,2019-08-14T17:33:00.000Z,19.3995272,-99.1373326,,2019-08-14T17:55:53.000Z,19.3683998,-99.1862714,"Calle Fernando Alencastre 130, Lomas de Chapultepec IV Sección, 11000 Miguel Hidalgo, Ciudad de México",5.87,Mexican Peso,93.93
Mexico City,uberX,completed,2019-08-13T23:40:35.000Z,2019-08-13T23:44:00.000Z,19.4025586,-99.1364754,,2019-08-14T00:38:55.000Z,19.4875588,-99.0489651,"Av. Central 764, Valle de Aragon 1ra Secc, 57100 Nezahualcóyotl, Méx., México",10.27,Mexican Peso,189.54
Mexico City,uberX,completed,2019-08-13T19:08:06.000Z,2019-08-13T19:11:56.000Z,19.439649,-99.2148403,,2019-08-13T19:33:14.000Z,19.3992866,-99.1380958,"Calle Aragón 96, Álamos, 03400 Benito Juárez, Ciudad de México",7.51,Mexican Peso,101.6
Mexico City,uberX,completed,2019-08-13T17:13:18.000Z,2019-08-13T17:16:44.000Z,19.399243,-99.1381357,,2019-08-13T17:46:25.000Z,19.4363962,-99.220999,"Av Industria Militar S/N, Miguel Hidalgo, Col Residencial Militar Miguel Hidalgo, 11600 Ciudad de México, Ciudad de México",8.06,Mexican Peso,124.27
Mexico City,uberX,completed,2019-08-12T20:42:44.000Z,2019-08-12T20:48:29.000Z,19.40176,-99.1364783,,2019-08-12T21:27:57.000Z,19.4852727,-99.0488099,"Av. Central 764, Valle de Aragon 1ra Secc, 57100 Nezahualcóyotl, Méx., México",10.84,Mexican Peso,164.83
Mexico City,uberX,completed,2019-08-08T15:01:38.000Z,2019-08-08T15:03:00.000Z,19.3992536,-99.1381375,,2019-08-08T15:28:38.000Z,19.3946226,-99.1724852,"Montecito 38, Benito Juárez, Col Nápoles Benito Juárez, 52989 Ciudad de México, Ciudad de México",3.32,Mexican Peso,81.14
Mexico City,uberX,completed,2019-08-03T20:00:08.000Z,2019-08-03T20:05:13.000Z,19.3673367,-99.1859433,,2019-08-03T20:26:37.000Z,19.3931868,-99.1746181,"Montecito 38, Benito Juárez, Col Nápoles Benito Juárez, 52989 Ciudad de México, Ciudad de México",2.93,Mexican Peso,61.38
Mexico City,uberX,rider_canceled,2019-08-03T19:25:43.000Z,,19.3626471,-99.1849203,,,19.3639801,-99.1848927,"Montecito 38, Nápoles, 03810 Ciudad de México, CDMX, México",0.0,Mexican Peso,0.0
Mexico City,uberX,completed,2019-08-03T00:22:08.000Z,2019-08-03T00:24:38.000Z,19.4875044,-99.0490373,,2019-08-03T01:11:19.000Z,19.3931905,-99.1745421,"Montecito 38, Nápoles, 03810 Ciudad de México, CDMX, México",12.91,Mexican Peso,178.31
Mexico City,uberX,completed,2019-07-23T14:37:21.000Z,2019-07-23T14:42:51.000Z,19.4458381,-99.1534948,,2019-07-23T15:07:41.000Z,19.438954,-99.2023266,"Av Ejército Nacional 843, Col Granada Miguel Hidalgo, 11520 Ciudad de México, Ciudad de México",4.29,Mexican Peso,108.52
Mexico City,uberX,completed,2019-07-16T17:16:41.000Z,2019-07-16T17:18:16.000Z,19.3992051,-99.138076,,2019-07-16T17:51:41.000Z,19.441125,-99.2050064,"Lago Zúrich 245 AO4, Amp Granada, 11529 Ciudad de México, CDMX, México",7.49,Mexican Peso,144.39
Mexico City,uberX,completed,2019-06-27T15:36:05.000Z,2019-06-27T15:37:00.000Z,19.4458,-99.15343,,2019-06-27T15:57:39.000Z,19.43859,-99.20427,"Av Ejército Nacional 843Col Granada Miguel Hidalgo, 11520, Ciudad de México",4.43,Mexican Peso,84.67
Mexico City,uberX,completed,2019-06-19T13:35:11.000Z,2019-06-19T13:36:37.000Z,19.48753,-99.049,,2019-06-19T15:05:15.000Z,19.35725,-99.27757,"Juan Salvador Agraz 101, Contadero, 05370 Ciudad de México, CDMX, México",33.26,Mexican Peso,407.38
Mexico City,uberX,completed,2019-05-27T04:20:44.000Z,2019-05-27T04:27:08.000Z,19.4449018,-99.0865653,,2019-05-27T04:39:32.000Z,19.4875254,-99.0490875,"Av. Central 764, Valle de Aragon 1ra Secc, 57100 Nezahualcóyotl, Méx., México",6.28,Mexican Peso,67.64
Mexico City,uberX,completed,2019-05-24T18:01:36.000Z,2019-05-24T18:03:41.000Z,19.4875458,-99.0490319,,2019-05-24T18:43:43.000Z,19.4230361,-99.1690443,"Calle Londres 251, Juárez, 06600 Cuauhtémoc, Ciudad de México",12.96,Mexican Peso,181.66
Mexico City,uberX,completed,2019-05-23T19:31:19.000Z,2019-05-23T19:32:46.000Z,19.2742152,-99.1242139,,2019-05-23T20:39:26.000Z,19.4716428,-99.0475159,"Blvrd Prados de Aragón 8-B, Prados de Aragon, 57179 Nezahualcóyotl, Méx., México",17.3,Mexican Peso,257.73
Mexico City,uberX,completed,2019-05-22T16:11:44.000Z,2019-05-22T16:12:43.000Z,19.4458044,-99.1535355,,2019-05-22T17:08:15.000Z,19.3936588,-99.2392506,"Reforma 2620 Planta BajaCol Lomas Altas Miguel Hidalgo, 11950, Ciudad de México",9.65,Mexican Peso,184.82
Mexico City,uberX,completed,2019-05-13T21:56:04.000Z,2019-05-13T21:58:14.000Z,19.3992588,-99.1380812,,2019-05-13T22:53:01.000Z,19.4875104,-99.0489888,"Av. Central 764, Valle de Aragon 1ra Secc, 57100 Nezahualcóyotl, Méx., México",12.75,Mexican Peso,203.94
Mexico City,uberX,completed,2019-05-10T12:29:36.000Z,2019-05-10T12:34:43.000Z,19.4875392,-99.0490475,,2019-05-10T13:19:54.000Z,19.3808127,-99.1729356,"Patricio Sanz 1220, Col del Valle Centro, 03100 Ciudad de México, CDMX, México",13.29,Mexican Peso,258.21
Mexico City,uberX,completed,2019-05-09T18:38:49.000Z,2019-05-09T18:39:42.000Z,19.4455879,-99.2025762,,2019-05-09T19:32:12.000Z,19.4875585,-99.0490748,"Av. Central 764, Valle de Aragon 1ra Secc, 57100 Nezahualcóyotl, Méx., México",14.46,Mexican Peso,197.74
Mexico City,uberX,completed,2019-05-09T16:30:37.000Z,2019-05-09T16:32:03.000Z,19.4260702,-99.1654507,,2019-05-09T16:51:08.000Z,19.4409945,-99.2042101,"Lago Zúric 245, Miguel Hidalgo 245Col Ampliación Granada Miguel Hidalgo, 11529, CMX",3.93,Mexican Peso,84.35
Mexico City,uberX,completed,2019-05-09T13:49:15.000Z,2019-05-09T13:56:53.000Z,19.4876811,-99.0490206,,2019-05-09T14:56:44.000Z,19.4261331,-99.1660257,"Calle Amberes 27, Juárez, 06600 Ciudad de México, CDMX, México",10.67,Mexican Peso,204.51
Mexico City,uberX,completed,2019-05-08T17:39:04.000Z,2019-05-08T17:41:14.000Z,19.568562,-99.2100619,,2019-05-08T18:20:10.000Z,19.4024288,-99.2425055,"Bosque de Duraznos 39, Bosques de las Lomas, 11700 Ciudad de México, CDMX, México",14.87,Mexican Peso,186.02
Mexico City,uberX,completed,2019-05-08T15:44:03.000Z,2019-05-08T15:54:48.000Z,19.4876059,-99.0490605,,2019-05-08T16:56:59.000Z,19.5684783,-99.2113015,"Cto Concorde 23, Hab Lomas Boulevares, 54020 Tlalnepantla de Baz, Méx., México",14.71,Mexican Peso,231.79
Mexico City,uberX,completed,2019-05-07T23:43:45.000Z,2019-05-07T23:46:15.000Z,19.3993205,-99.1381384,,2019-05-08T00:43:07.000Z,19.4854202,-99.0499481,"Av. Central 764, Valle de Aragon 1ra Secc, 57100 Nezahualcóyotl, Méx., México",11.91,Mexican Peso,189.77
Mexico City,uberX,completed,2019-04-30T17:03:30.000Z,2019-04-30T17:05:14.000Z,19.3984289,-99.1370372,,2019-04-30T17:48:05.000Z,19.3592122,-99.2746932,"Juan Salvador Agraz, Contadero, Ciudad de México, CDMX, México",13.46,Mexican Peso,177.78
Mexico City,uberX,completed,2019-04-26T20:43:20.000Z,2019-04-26T20:50:27.000Z,19.42873,-99.1800717,,2019-04-26T21:47:08.000Z,19.4693004,-99.054113,"Calle de los Bosques de Mongolia 82, Bosques de Aragón, 57170 Ciudad Nezahualcóyotl, Ciudad de México",12.44,Mexican Peso,218.71
Mexico City,uberX,completed,2019-04-26T20:37:52.000Z,2019-04-26T20:40:08.000Z,19.428795,-99.1848317,,2019-04-26T20:42:07.000Z,19.42815,-99.1805167,"Calle de los Bosques de Mongolia 82, Bosques de Aragón, 57170 Ciudad Nezahualcóyotl, Ciudad de México",0.35,Mexican Peso,47.26
Mexico City,uberX,completed,2019-04-26T18:24:03.000Z,2019-04-26T18:28:33.000Z,19.4038391,-99.1407199,,2019-04-26T18:51:07.000Z,19.4286262,-99.1853365,"Rubén Darío 115Eqpto Bosque de Chapultepec Miguel Hidalgo, 11100, CMX",5.93,Mexican Peso,102.37
Mexico City,uberX,completed,2019-04-25T15:03:06.000Z,2019-04-25T15:06:24.000Z,19.4662014,-99.0558615,,2019-04-25T15:41:47.000Z,19.3992835,-99.1381219,"Calle Aragón 96, Álamos, 03400 Benito Juárez, Ciudad de México",10.38,Mexican Peso,143.3
Mexico City,uberX,completed,2019-04-24T21:22:04.000Z,2019-04-24T21:24:21.000Z,19.3992485,-99.1380914,,2019-04-24T22:02:43.000Z,19.4875625,-99.0490563,"Av. Central 764, Valle de Aragon 1ra Secc, 57100 Nezahualcóyotl, Méx., México",12.82,Mexican Peso,165.19
Mexico City,uberX,completed,2019-04-24T14:28:41.000Z,2019-04-24T14:31:05.000Z,19.487456,-99.0490713,,2019-04-24T15:02:20.000Z,19.3991805,-99.1380962,"Calle Aragón 96, Álamos, 03400 Benito Juárez, Ciudad de México",10.88,Mexican Peso,160.82
Mexico City,uberX,completed,2019-04-24T01:32:38.000Z,2019-04-24T01:36:50.000Z,19.3991749,-99.1381615,,2019-04-24T02:16:55.000Z,19.4875081,-99.0489875,"Av. Central 764, Valle de Aragon 1ra Secc, 57100 Nezahualcóyotl, Méx., México",11.53,Mexican Peso,179.75
Mexico City,uberX,completed,2019-04-05T19:59:44.000Z,2019-04-05T20:01:49.000Z,19.4422205,-99.1191495,,2019-04-05T20:30:47.000Z,19.4875558,-99.0490777,"Av. Central 764, Valle de Aragon 1ra Secc, 57100 Nezahualcóyotl, Méx., Mexico",9.43,Mexican Peso,124.72
Mexico City,uberX,completed,2019-04-05T17:16:56.000Z,2019-04-05T17:22:06.000Z,19.4875012,-99.0490753,,2019-04-05T17:38:58.000Z,19.4410584,-99.118302,"Av Eduardo Molina, Venustiano CarranzaCol Morelos Venustiano Carranza, 15270, CMX",6.75,Mexican Peso,87.12
Mexico City,uberX,completed,2019-04-04T19:25:36.000Z,2019-04-04T19:27:31.000Z,19.3992955,-99.138138,,2019-04-04T20:05:33.000Z,19.4875397,-99.0490439,"Av. Central 764, Valle de Aragon 1ra Secc, 57100 Nezahualcóyotl, Méx., Mexico",13.36,Mexican Peso,168.45
Mexico City,uberX,completed,2019-04-04T15:53:58.000Z,2019-04-04T15:55:24.000Z,19.4875298,-99.0489617,,2019-04-04T16:43:58.000Z,19.4140013,-99.1661029,"Calle Aragón 96, Álamos, 03400 Benito Juárez, Ciudad de México",11.03,Mexican Peso,194.3
Mexico City,uberX,completed,2019-04-04T00:42:46.000Z,2019-04-04T00:46:00.000Z,19.3928615,-99.1732284,,2019-04-04T02:07:10.000Z,19.487564,-99.0490441,"Av. Central 764, Valle de Aragon 1ra Secc, 57100 Nezahualcóyotl, Méx., Mexico",13.95,Mexican Peso,268.96
Mexico City,uberX,completed,2019-04-03T20:49:53.000Z,2019-04-03T20:55:40.000Z,19.4682287,-99.0515259,,2019-04-03T21:47:20.000Z,19.3932832,-99.174776,"Calle Dakota S/N, Benito JuárezCol Nápoles Benito Juárez, 03810, CMX",13.36,Mexican Peso,218.86
Mexico City,uberX,completed,2019-04-03T19:14:35.000Z,2019-04-03T19:18:55.000Z,19.3986252,-99.1375421,,2019-04-03T19:59:05.000Z,19.48746,-99.0491233,"Av. Central 764, Valle de Aragon 1ra Secc, 57100 Nezahualcóyotl, Méx., Mexico",14.21,Mexican Peso,186.3
Mexico City,uberX,completed,2019-04-03T15:33:50.000Z,2019-04-03T15:35:11.000Z,19.4875533,-99.0490453,,2019-04-03T16:15:16.000Z,19.3992806,-99.1381297,"Calle Aragón 96, Álamos, 03400 Benito Juárez, Ciudad de México",9.88,Mexican Peso,152.47
Mexico City,uberX,completed,2019-04-02T21:08:03.000Z,2019-04-02T21:19:05.000Z,19.4381427,-99.1987362,,2019-04-02T22:15:12.000Z,19.4875186,-99.0490609,"Av. Central 764, Valle de Aragon 1ra Secc, 57100 Nezahualcóyotl, Méx., Mexico",18.67,Mexican Peso,246.88
Mexico City,uberX,completed,2019-04-02T18:26:54.000Z,2019-04-02T18:27:55.000Z,19.3992598,-99.1380927,,2019-04-02T19:40:41.000Z,19.3985622,-99.1376026,"Calle Aragón 95, Álamos, 03400 Benito Juárez, Ciudad de México",13.45,Mexican Peso,246.86
Mexico City,uberX,completed,2019-04-02T15:55:53.000Z,2019-04-02T15:57:15.000Z,19.48755,-99.0489767,,2019-04-02T16:28:50.000Z,19.3993729,-99.1380726,"Calle Aragón 96, Álamos, 03400 Benito Juárez, Ciudad de México",10.23,Mexican Peso,148.45
Mexico City,uberX,completed,2019-04-02T01:18:32.000Z,2019-04-02T01:23:46.000Z,19.398853,-99.1370285,,2019-04-02T02:13:18.000Z,19.4875516,-99.0490703,"Av. Central 764, Valle de Aragon 1ra Secc, 57100 Nezahualcóyotl, Méx., Mexico",12.0,Mexican Peso,177.09
Mexico City,uberX,completed,2019-04-01T20:23:21.000Z,2019-04-01T20:29:23.000Z,19.4875556,-99.0490196,,2019-04-01T20:57:29.000Z,19.399386,-99.1381586,"Calle Aragón 96, Álamos, 03400 Benito Juárez, Ciudad de México",9.75,Mexican Peso,129.8
Mexico City,uberX,completed,2019-04-01T05:13:10.000Z,2019-04-01T05:17:39.000Z,19.4474527,-99.1526795,,2019-04-01T05:37:29.000Z,19.4875858,-99.0490606,"Av. Central 764, Valle de Aragon 1ra Secc, 57100 Nezahualcóyotl, Méx., Mexico",10.06,Mexican Peso,122.93
Mexico City,uberX,completed,2019-03-29T01:40:25.000Z,2019-03-29T01:47:37.000Z,19.4873093,-99.0491743,,2019-03-29T02:16:44.000Z,19.4229161,-99.1692728,"Av Chapultepec S/NCol Juárez Cuauhtemoc, 06600, Ciudad de México",12.47,Mexican Peso,169.77
Mexico City,uberX,completed,2019-03-28T19:32:03.000Z,2019-03-28T19:36:48.000Z,19.3375202,-99.169429,,2019-03-28T20:28:43.000Z,19.4875347,-99.0490562,"Av. Central 764, Valle de Aragon 1ra Secc, 57100 Nezahualcóyotl, Méx., Mexico",18.91,Mexican Peso,243.31
Mexico City,uberX,completed,2019-03-28T16:18:31.000Z,2019-03-28T16:33:02.000Z,19.4687914,-99.0542655,,2019-03-28T17:19:04.000Z,19.3591666,-99.1701683,"Av. Coyoacán No. 2000, Benito JuárezCol Xoco Benito Juárez, 03330, CMX",15.1,Mexican Peso,208.09
Mexico City,uberX,completed,2019-03-28T15:07:36.000Z,2019-03-28T15:10:31.000Z,19.4875914,-99.0490203,,2019-03-28T15:17:21.000Z,19.469163,-99.0541475,"Calle de los Bosques de Mongolia 82Bosques de Aragón, 57170 Ciudad Nezahualcóyotl, Ciudad de México",2.12,Mexican Peso,40.14
Mexico City,uberX,completed,2019-03-27T22:28:40.000Z,2019-03-27T22:34:55.000Z,19.4875992,-99.1516934,,2019-03-27T23:12:35.000Z,19.4696119,-99.052811,"Calle de los Bosques de Mongolia 82Bosques de Aragón, 57170 Ciudad Nezahualcóyotl, Ciudad de México",9.98,Mexican Peso,150.8
Mexico City,uberX,completed,2019-03-27T14:32:40.000Z,2019-03-27T14:34:27.000Z,19.4875615,-99.049007,,2019-03-27T14:40:21.000Z,19.4692189,-99.0541275,"Calle de los Bosques de Mongolia 82Bosques de Aragón, 57170 Ciudad Nezahualcóyotl, Ciudad de México",2.12,Mexican Peso,40.62
Mexico City,uberX,completed,2019-03-26T21:35:19.000Z,2019-03-26T21:37:47.000Z,19.399033,-99.1381056,,2019-03-26T22:14:19.000Z,19.487585,-99.0490833,"Av. Central 764, Valle de Aragon 1ra Secc, 57100 Nezahualcóyotl, Méx., Mexico",12.68,Mexican Peso,172.4
Mexico City,uberX,completed,2019-03-26T15:04:18.000Z,2019-03-26T15:07:34.000Z,19.4876137,-99.0490865,,2019-03-26T15:43:37.000Z,19.3992244,-99.1380833,"Calle Aragón 96Álamos, 03400 Benito Juárez, Ciudad de México",10.23,Mexican Peso,162.45
Mexico City,uberX,completed,2019-03-21T20:43:55.000Z,2019-03-21T20:47:38.000Z,19.399252,-99.1381274,,2019-03-21T21:23:40.000Z,19.4875278,-99.0490785,"Av. Central 764, Valle de Aragon 1ra Secc, 57100 Nezahualcóyotl, Méx., Mexico",12.8,Mexican Peso,183.56
Mexico City,uberX,completed,2019-03-20T19:45:59.000Z,2019-03-20T19:46:46.000Z,19.40739210161999,-99.17687633415152,,2019-03-20T20:35:32.000Z,19.48754257606706,-99.04902445292988,"Bosques de Suecia 14, Bosques de Aragón, Bosques de Aragon, 57170 Nezahualcóyotl, Méx., México",14.77,Mexican Peso,192.63
Mexico City,uberX,completed,2019-03-20T15:01:46.000Z,2019-03-20T15:12:51.000Z,19.4874885,-99.0490303,,2019-03-20T15:51:54.000Z,19.4009782,-99.1372069,"Calle Aragón 96Álamos, 03400 Benito Juárez, Ciudad de México",10.18,Mexican Peso,167.14
Mexico City,uberX,completed,2019-03-14T19:53:04.000Z,2019-03-14T19:54:28.000Z,19.39968277946042,-99.1372564595099,,2019-03-14T20:32:40.000Z,19.4883117,-99.0486471,"Av. Central 764, Valle de Aragon 1ra Secc, 57100 Nezahualcóyotl, Méx., Mexico",12.47,Mexican Peso,174.53
Mexico City,uberX,completed,2019-03-14T15:24:47.000Z,2019-03-14T15:27:44.000Z,19.4875356,-99.0490444,,2019-03-14T16:16:10.000Z,19.3992903,-99.1380459,"Calle Aragón 96Álamos, 03400 Benito Juárez, Ciudad de México",10.44,Mexican Peso,161.25
Mexico City,uberX,completed,2019-03-13T21:12:06.000Z,2019-03-13T21:15:06.000Z,19.4015353516887,-99.13798342719187,,2019-03-13T21:44:35.000Z,19.4015353516887,-99.13798342719187,"Calle de los Bosques de Mongolia 48Bosques de Aragón, 57170 Ciudad Nezahualcóyotl, Ciudad de México",11.37,Mexican Peso,148.55
Mexico City,uberX,completed,2019-03-13T15:26:23.000Z,2019-03-13T15:30:03.000Z,19.4876159,-99.0490125,,2019-03-13T16:21:53.000Z,19.3992219,-99.138096,"Calle Aragón 96Álamos, 03400 Benito Juárez, Ciudad de México",11.92,Mexican Peso,192.62
Mexico City,uberX,completed,2019-03-08T19:42:30.000Z,2019-03-08T19:45:57.000Z,19.3992312949442,-99.13685673252354,,2019-03-08T20:19:58.000Z,19.48774066689936,-99.04885078037645,"Av. Central 764, Valle de Aragon 1ra Secc, 57100 Nezahualcóyotl, Méx., Mexico",11.12,Mexican Peso,145.98
Mexico City,uberX,completed,2019-03-08T15:32:53.000Z,2019-03-08T15:39:17.000Z,19.48750913769393,-99.04905149889352,,2019-03-08T16:25:22.000Z,19.39940301359004,-99.13806789410694,"Calle Aragón 96Álamos, 03400 Benito Juárez, Ciudad de México",10.68,Mexican Peso,164.29
Mexico City,uberX,completed,2019-03-07T22:44:45.000Z,2019-03-07T22:46:33.000Z,19.3990288,-99.1368921,,2019-03-07T23:21:14.000Z,19.4875308,-99.0490446,"Av. Central 764, Valle de Aragon 1ra Secc, 57100 Nezahualcóyotl, Méx., Mexico",12.73,Mexican Peso,177.35
Mexico City,uberX,completed,2019-03-07T15:29:33.000Z,2019-03-07T15:32:06.000Z,19.48752092899034,-99.0490686581015,,2019-03-07T16:11:58.000Z,19.3993461483735,-99.13793306003744,"Calle Aragón 96Álamos, 03400 Benito Juárez, Ciudad de México",10.58,Mexican Peso,163.58
Mexico City,uberX,completed,2019-03-06T19:00:27.000Z,2019-03-06T19:03:34.000Z,19.39903716020437,-99.13702897303934,,2019-03-06T19:30:36.000Z,19.48750345809291,-99.04904054828796,"Av. Central 764, Valle de Aragon 1ra Secc, 57100 Nezahualcóyotl, Méx., Mexico",11.79,Mexican Peso,151.45
Mexico City,uberX,completed,2019-03-06T14:21:28.000Z,2019-03-06T14:26:31.000Z,19.48758,-99.04902,,2019-03-06T15:19:50.000Z,19.39936,-99.13811,"Calle Aragón 96Álamos, 03400 Benito Juárez, Ciudad de México",12.73,Mexican Peso,201.48
Mexico City,uberX,completed,2019-03-05T23:44:28.000Z,2019-03-05T23:47:08.000Z,19.39899424853556,-99.13694275016144,,2019-03-06T00:33:14.000Z,19.48757308248041,-99.04904263194406,"Av. Central 764, Valle de Aragon 1ra Secc, 57100 Nezahualcóyotl, Méx., Mexico",10.62,Mexican Peso,172.33
Mexico City,uberX,completed,2019-03-05T20:35:17.000Z,2019-03-05T20:51:51.000Z,19.33753337016141,-99.16935236805976,,2019-03-05T21:23:53.000Z,19.39931118252165,-99.13810741831743,"Calle Aragón 96Álamos, 03400 Benito Juárez, Ciudad de México",7.14,Mexican Peso,115.5
Mexico City,uberX,completed,2019-03-05T18:48:31.000Z,2019-03-05T18:50:41.000Z,19.39926900558764,-99.13814731058959,,2019-03-05T19:16:59.000Z,19.33755735215604,-99.17100463936595,"Calle del Cerro del Otate 151Pedregal de San Francisco, 04320 Coyoacán, Ciudad de México",6.33,Mexican Peso,100.59
Mexico City,uberX,completed,2019-03-04T23:03:22.000Z,2019-03-04T23:07:32.000Z,19.3992860239841,-99.13814980366664,,2019-03-04T23:59:19.000Z,19.48748044508991,-99.0490043482244,"Av. Central 764, Valle de Aragon 1ra Secc, 57100 Nezahualcóyotl, Méx., Mexico",12.13,Mexican Peso,178.91
Mexico City,uberX,completed,2019-03-04T18:50:46.000Z,2019-03-04T18:58:26.000Z,19.4691285,-99.0542024,,2019-03-04T19:38:06.000Z,19.3947685,-99.1731698,"Calle Dakota S/NCol Nápoles Benito Juárez, 03810, CMX",11.41,Mexican Peso,179.72
Mexico City,uberX,rider_canceled,2019-03-04T18:31:58.000Z,,19.47635766236116,-99.05666434469089,,,19.49485453370887,-99.06699470906766,"Calle Dakota S/NCol Nápoles Benito Juárez, 03810, CMX",0.0,Mexican Peso,0.0
Mexico City,uberX,completed,2019-02-19T02:49:40.000Z,2019-02-19T02:51:42.000Z,19.4875426,-99.0490224,,2019-02-19T03:37:49.000Z,19.604299,-99.0520284,"Galaxia Ecatepec, Ecatepec de Morelos, Méx., México",12.55,Mexican Peso,185.93
Mexico City,uberX,rider_canceled,2019-02-19T02:39:21.000Z,,19.48837429798103,-99.05120200026701,,,19.48842267617032,-99.05123086776747,"Galaxia Ecatepec, Ecatepec de Morelos, Méx., México",0.0,Mexican Peso,0.0
Mexico City,uberX,completed,2019-02-01T22:36:05.000Z,2019-02-01T22:40:44.000Z,19.46957666730613,-99.0527649786762,,2019-02-01T23:33:39.000Z,19.46958229527679,-99.05277221741181,,11.82,Mexican Peso,195.16
Mexico City,uberX,completed,2019-02-01T15:45:51.000Z,2019-02-01T15:47:08.000Z,19.4875621230655,-99.04904016966428,,2019-02-01T16:35:36.000Z,19.39862492580609,-99.1381764529707,,12.39,Mexican Peso,189.72
Mexico City,uberX,completed,2019-01-30T21:21:48.000Z,2019-01-30T21:24:18.000Z,19.46213074133441,-99.04811741925039,,2019-01-30T22:17:07.000Z,19.36334449297092,-99.18240279638341,"Insurgentes Sur 1602, Crédito Constructor, 03930 Ciudad de México, CDMX, México",16.13,Mexican Peso,223.36
Mexico City,uberX,completed,2019-01-30T00:23:18.000Z,2019-01-30T00:25:17.000Z,19.4874833,-99.0490553,,2019-01-30T01:14:08.000Z,19.6043429,-99.0520361,"Galaxia Ecatepec, Ecatepec de Morelos, Méx., México",14.3,Mexican Peso,200.6
San Diego,uberX,completed,2019-01-29T03:23:24.000Z,2019-01-29T03:29:28.000Z,32.5571846,-116.9398844,,2019-01-29T03:37:58.000Z,32.5490029,-116.9745158,"2745 Otay Pacific DrSan Diego, CA",4.68,United States Dollar,12.07
San Diego,uberX,completed,2019-01-29T01:41:41.000Z,2019-01-29T01:48:47.000Z,32.5484346,-116.9742917,,2019-01-29T02:03:12.000Z,32.5571439,-116.9398271,"2296 Niels Bohr CtSan Diego, CA",6.04,United States Dollar,15.59
Mexico City,uberX,completed,2019-01-15T00:00:58.000Z,2019-01-15T00:05:20.000Z,19.4699878,-99.0530235,,2019-01-15T00:12:55.000Z,19.4875493,-99.049078,"Av. Central 764, Valle de Aragon 1ra Secc, 57100 Nezahualcóyotl, Méx., Mexico",1.79,Mexican Peso,40.14
Mexico City,uberX,completed,2019-01-14T21:16:45.000Z,2019-01-14T21:19:25.000Z,19.3993168,-99.1380791,,2019-01-14T21:48:16.000Z,19.4688781,-99.0522556,"Bosques de Suecia 14, Bosques de Aragón, Bosques de Aragon, 57170 Nezahualcóyotl, Méx., México",9.57,Mexican Peso,146.53
Mexico City,uberX,completed,2019-01-14T17:32:58.000Z,2019-01-14T17:47:41.000Z,19.48753357978392,-99.04904470573871,,2019-01-14T18:12:03.000Z,19.39918423713324,-99.13812402381555,"Calle Aragón 96Álamos, 03400 Benito Juárez, Ciudad de México",10.44,Mexican Peso,129.24
Mexico City,uberX,completed,2019-01-13T19:32:53.000Z,2019-01-13T19:35:20.000Z,19.37804300569075,-99.15042155959634,,2019-01-13T20:05:52.000Z,19.48753318678991,-99.0490701439177,"Av. Central 764, Valle de Aragon 1ra Secc, 57100 Nezahualcóyotl, Méx., Mexico",14.71,Mexican Peso,169.21
Mexico City,uberX,completed,2019-01-13T16:56:57.000Z,2019-01-13T17:03:48.000Z,19.48752,-99.049,,2019-01-13T17:28:13.000Z,19.37798,-99.1504,"Matías Romero 231, Vértiz Narvarte, 03630 Ciudad de México, CDMX, México",11.79,Mexican Peso,141.26
Mexico City,uberX,completed,2019-01-11T23:19:35.000Z,2019-01-11T23:29:03.000Z,19.4724272,-99.0543475,,2019-01-11T23:34:07.000Z,19.4875737,-99.0489864,"Av. Central 764, Valle de Aragon 1ra Secc, 57100 Nezahualcóyotl, Méx., Mexico",1.21,Mexican Peso,42.41
Mexico City,uberX,completed,2019-01-11T22:24:36.000Z,2019-01-11T22:27:10.000Z,19.48775158804528,-99.04889844470964,,2019-01-11T22:36:22.000Z,19.4718287716617,-99.04785654982348,"Blvrd Prados de Aragón 8, Prados de Aragon, 57179 Nezahualcóyotl, Méx., México",2.66,Mexican Peso,45.67
Mexico City,uberX,completed,2019-01-11T20:25:06.000Z,2019-01-11T20:32:11.000Z,19.39919331596099,-99.13809289501772,,2019-01-11T21:36:09.000Z,19.39929722751723,-99.13808901466274,"Calle Aragón 95Álamos, 03400 Benito Juárez, Ciudad de México",22.29,Mexican Peso,285.56
Mexico City,uberX,completed,2019-01-11T17:33:54.000Z,2019-01-11T17:44:15.000Z,19.48751,-99.049,,2019-01-11T18:08:27.000Z,19.39927,-99.13812,"Calle Aragón 96Álamos, 03400 Benito Juárez, Ciudad de México",10.06,Mexican Peso,132.69
Mexico City,uberX,completed,2019-01-10T20:19:06.000Z,2019-01-10T20:21:56.000Z,19.40093747845669,-99.14529001090733,,2019-01-10T21:03:03.000Z,19.48767415078071,-99.04901857208672,"Av. Central 764, Valle de Aragon 1ra Secc, 57100 Nezahualcóyotl, Méx., Mexico",11.37,Mexican Peso,154.7
Mexico City,uberX,completed,2018-12-23T18:08:37.000Z,2018-12-23T18:11:16.000Z,19.48687,-99.13072,,2018-12-23T18:36:27.000Z,19.46162,-99.04732,"Calle de los Bosques de Polonia 60Bosques de Aragón, 57170 Ciudad Nezahualcóyotl, Ciudad de México",6.5,Mexican Peso,115.23
Mexico City,uberX,completed,2018-12-23T16:12:16.000Z,2018-12-23T16:15:42.000Z,19.4617038,-99.0474339,,2018-12-23T16:40:53.000Z,19.486968,-99.1312956,"Colector 13 280Col Magdalena de las Salinas Gustavo A Madero, 07760, Ciudad de México",9.75,Mexican Peso,127.47
Mexico City,uberX,completed,2018-12-05T19:34:13.000Z,2018-12-05T19:41:20.000Z,19.4328641,-99.151971,,2018-12-05T20:24:37.000Z,19.4871712,-99.0491697,"Av. Central 764, Valle de Aragon 1ra Secc, 57100 Nezahualcóyotl, Méx., Mexico",11.47,Mexican Peso,171.04
Mexico City,uberX,completed,2018-12-05T15:52:49.000Z,2018-12-05T15:55:07.000Z,19.48753021604604,-99.04900811500345,,2018-12-05T16:54:37.000Z,19.43863688655597,-99.21074008066253,"Juan, Luis Vives 200, Polanco I Secc, 11510 Ciudad de México, CDMX, México",14.7,Mexican Peso,227.25
Mexico City,uberX,completed,2018-10-12T19:10:49.000Z,2018-10-12T19:14:34.000Z,19.4301503,-99.1565167,,2018-10-12T19:58:51.000Z,19.3993478,-99.1381493,"Calle Aragón 96Álamos, 03400 Benito Juárez, Ciudad de México",4.34,Mexican Peso,128.03
Mexico City,uberX,completed,2018-10-11T18:48:11.000Z,2018-10-11T19:10:17.000Z,19.3593166,-99.2757168,,2018-10-11T19:59:45.000Z,19.3996008,-99.1380084,"95 Calle Aragón, 03400, MX",11.58,Mexican Peso,248.44
Mexico City,uberX,rider_canceled,2018-10-11T18:39:03.000Z,,19.3596083,-99.2788553,,,19.3609904,-99.2793501,"95 Calle Aragón, 03400, MX",0.0,Mexican Peso,35.0
Mexico City,uberX,completed,2018-10-11T17:18:38.000Z,2018-10-11T17:23:12.000Z,19.39927577528604,-99.13810791004116,,2018-10-11T18:03:34.000Z,19.35921739741575,-99.27574804005866,"Mario Pani 200, Lomas de Santa Fe, Contadero, 01219 Ciudad de México, CDMX, México",11.01,Mexican Peso,173.96
Mexico City,uberX,driver_canceled,2018-09-13T17:36:38.000Z,,19.3353433,-99.1130933,,,19.3397208,-99.117306,"95 Calle Aragón, 03400, MX",0.0,Mexican Peso,35.0
Mexico City,uberX,driver_canceled,2018-09-13T17:10:09.000Z,,19.3361959,-99.1128654,,,19.3396899,-99.1170683,"Calle Aragón 95Álamos, 03400 Benito Juárez, Ciudad de México",0.0,Mexican Peso,35.0
Mexico City,uberX,completed,2018-09-06T13:02:30.000Z,2018-09-06T13:14:10.000Z,19.4692042,-99.0540791,,2018-09-06T14:17:59.000Z,19.3992727,-99.1380744,"Calle Aragón 95Álamos, 03400 Benito Juárez, Ciudad de México",11.28,Mexican Peso,214.06
Mexico City,uberX,completed,2018-09-03T02:50:43.000Z,2018-09-03T02:58:38.000Z,19.4875146,-99.0490382,,2018-09-03T03:25:52.000Z,19.6043212,-99.0520326,"Galaxia Ecatepec, Ecatepec de Morelos, Méx., México",12.19,Mexican Peso,180.0
Mexico City,uberX,completed,2018-08-17T01:01:43.000Z,2018-08-17T01:08:35.000Z,19.39933340605651,-99.13811526541832,,2018-08-17T01:55:46.000Z,19.34643794509498,-99.21316217117958,"Blv Adolfo López Mateos 2551Col Lomas de San Ángel Inn Álvaro Obregón, 01790, CMX",8.24,Mexican Peso,159.72
Mexico City,uberX,completed,2018-08-10T04:45:51.000Z,2018-08-10T04:52:25.000Z,19.39921393274846,-99.13813550174645,,2018-08-10T05:35:06.000Z,19.28548154422947,-99.46295393640125,"Hidalgo 30, Ocoyoacac, Méx., México",26.42,Mexican Peso,350.65
Mexico City,uberX,completed,2018-08-10T03:29:18.000Z,2018-08-10T03:44:05.000Z,19.3993011,-99.1381122,,2018-08-10T04:12:20.000Z,19.3464399,-99.2130764,"Blv Adolfo López Mateos 2551Col Lomas de San Ángel Inn Álvaro Obregón, 01790, CMX",8.24,Mexican Peso,120.63
Guadalajara,uberX,completed,2018-07-13T18:41:53.000Z,2018-07-13T18:49:58.000Z,20.6558071,-103.4000305,,2018-07-13T19:25:43.000Z,20.5263064,-103.3020257,"Jalisco, Mexico",14.36,Mexican Peso,159.4
Guadalajara,uberX,completed,2018-07-13T15:49:46.000Z,2018-07-13T15:55:39.000Z,20.526003,-103.3007683,,2018-07-13T16:34:38.000Z,20.6562322,-103.4006298,"Popocatépetl 50, Cd del Sol, 45050 Zapopan, Jal., México",16.42,Mexican Peso,185.13
Mexico City,uberX,completed,2018-06-28T23:20:12.000Z,2018-06-28T23:23:33.000Z,19.3992635,-99.1381781,,2018-06-28T23:49:57.000Z,19.3673229,-99.1859751,"Calle Lorenzo Rodríguez 87San José Insurgentes, 03900 Benito Juárez, Ciudad de México",6.4,Mexican Peso,95.99
Mexico City,uberX,completed,2018-06-15T20:36:13.000Z,2018-06-15T20:38:16.000Z,19.4638988,-99.0476154,,2018-06-15T20:50:13.000Z,19.4874333,-99.0489993,"Av. Central 764, Valle de Aragon 1ra Secc, 57100 Nezahualcóyotl, Méx., Mexico",2.18,Mexican Peso,56.53
Mexico City,uberX,completed,2018-06-11T16:34:33.000Z,2018-06-11T16:38:02.000Z,19.4875512,-99.0490566,,2018-06-11T17:05:46.000Z,19.4368219,-99.0810991,"Terminal 1, Peñón de los Baños, 15620 Ciudad de México, CDMX, México",7.88,Mexican Peso,100.05
Mexico City,uberX,completed,2018-06-01T15:52:40.000Z,2018-06-01T15:53:52.000Z,19.3986122,-99.1381156,,2018-06-01T16:03:18.000Z,19.4020283,-99.1543733,"Av Cuauhtémoc 462 Esq con Viaducto Miguel AlemánCol Narvarte Benito Juárez, Ciudad de México",1.4,Mexican Peso,41.52
Mexico City,uberX,completed,2018-05-17T20:08:02.000Z,2018-05-17T20:10:52.000Z,19.3740259,-99.178973,,2018-05-17T20:35:23.000Z,19.399316,-99.1381014,"95 Calle Aragón, 03400, MX",4.67,Mexican Peso,94.22
Mexico City,uberX,driver_canceled,2018-05-17T19:56:48.000Z,,19.3727592,-99.1792463,,,19.3742584,-99.1788601,"95 Calle Aragón, 03400, MX",0.0,Mexican Peso,35.0
Mexico City,uberX,completed,2018-05-17T19:08:30.000Z,2018-05-17T19:09:38.000Z,19.39926072917477,-99.13812757539155,,2018-05-17T19:35:00.000Z,19.37316448329378,-99.17907101961504,"Parroquia 194Col Del Valle Centro Benito Juárez, 03000, Ciudad de México",6.33,Mexican Peso,94.85
Mexico City,uberX,completed,2018-05-15T18:54:45.000Z,2018-05-15T18:55:57.000Z,19.3991512,-99.1381089,,2018-05-15T19:07:21.000Z,19.4019729,-99.1543974,"Av Cuauhtémoc 462 Esq con Viaducto Miguel AlemánCol Narvarte Benito Juárez, Ciudad de México",1.57,Mexican Peso,41.03
Mexico City,uberX,completed,2018-04-03T00:11:13.000Z,2018-04-03T00:16:22.000Z,19.487505,-99.049056,,2018-04-03T00:32:20.000Z,19.4206872,-99.0774415,"Av Capitán Carlos León S/NCol Peñón de los Baños Venustiano Carranza, 15620, Ciudad de México",7.18,Mexican Peso,100.67
Mexico City,uberX,completed,2018-03-28T21:17:40.000Z,2018-03-28T21:20:51.000Z,19.3993055,-99.138167,,2018-03-28T22:02:03.000Z,19.4861434,-99.064604,"Calle 8, Campestre Guadalupana, 57120 Nezahualcóyotl, Méx., México",11.46,Mexican Peso,171.71
Mexico City,uberX,completed,2018-03-28T14:46:00.000Z,2018-03-28T14:48:48.000Z,19.4866602,-99.0643631,,2018-03-28T15:49:48.000Z,19.3639668,-99.1820673,"Avenida Insurgentes S 1602Crédito Constructor, 03940 Benito Juárez, Ciudad de México",16.82,Mexican Peso,257.62
Mexico City,uberX,completed,2018-03-22T20:26:49.000Z,2018-03-22T20:29:30.000Z,19.39927923066474,-99.13812444161859,,2018-03-22T21:26:59.000Z,19.43326761482231,-99.18175533423124,"Av Mariano Escobedo 476 PBCol Polanco Miguel Hidalgo, 11590, DISTRITO FEDERAL",5.52,Mexican Peso,163.05
Mexico City,uberX,completed,2018-03-17T05:22:33.000Z,2018-03-17T05:58:29.000Z,19.4364189,-99.2207519,,2018-03-17T06:41:21.000Z,19.5430533,-99.0367732,"Calle Tezozomoc 56Ciudad Azteca Sección Poniente, 55120 Ecatepec de Morelos, Ciudad de México",17.13,Mexican Peso,242.89
Mexico City,uberX,completed,2018-03-13T00:50:48.000Z,2018-03-13T00:53:32.000Z,19.4687555,-99.055997,,2018-03-13T02:26:37.000Z,19.604322,-99.0520012,"Galaxia Ecatepec, Ecatepec de Morelos, Méx., México",15.09,Mexican Peso,299.65
Mexico City,uberXL,completed,2018-03-10T02:06:54.000Z,2018-03-10T02:16:02.000Z,19.4875439,-99.0490794,,2018-03-10T02:57:46.000Z,19.6040761,-99.0517218,"Galaxia Ecatepec, Ecatepec de Morelos, Méx., México",12.1,Mexican Peso,305.0
Mexico City,UberSUV,completed,2018-03-09T23:40:21.000Z,2018-03-09T23:49:12.000Z,19.3891633,-99.1390283,,2018-03-10T00:15:58.000Z,19.42756,-99.1950317,"Andrés Bello 29, Polanco IV Secc, 11550 Ciudad de México, CDMX, México",6.73,Mexican Peso,356.33
Mexico City,UberSUV,completed,2018-03-09T22:25:51.000Z,2018-03-09T22:28:42.000Z,19.4367125,-99.1537065,,2018-03-09T23:11:22.000Z,19.3891169,-99.1391127,"Calz. de Tlalpan 855, Postal, 03410 Ciudad de México, CDMX, México",4.72,Mexican Peso,372.99
Mexico City,uberX,rider_canceled,2018-03-09T18:27:08.000Z,,19.4031067,-99.1693722,,,19.4056321,-99.1676996,"Ignacio Ramírez 17, Tabacalera, 06030 Ciudad de México, CDMX, México",0.0,Mexican Peso,0.0
Mexico City,uberX,completed,2018-02-18T04:31:29.000Z,2018-02-18T04:44:09.000Z,19.4616317,-99.0473758,,2018-02-18T04:53:01.000Z,19.4873778,-99.0490261,"Av. Central 764, Valle de Aragon 1ra Secc, 57100 Nezahualcóyotl, Méx., México",2.24,Mexican Peso,41.31
Mexico City,uberX,completed,2018-02-15T22:02:45.000Z,2018-02-15T22:09:49.000Z,19.4297483,-99.1578283,,2018-02-15T22:44:34.000Z,19.36476,-99.1816783,"Av. Insurgentes Sur 1572, Crédito Constructor, 03940 Ciudad de México, CDMX, México",7.25,Mexican Peso,124.25
Mexico City,uberX,completed,2018-02-15T19:19:13.000Z,2018-02-15T19:19:57.000Z,19.4278644,-99.1926891,,2018-02-15T19:37:02.000Z,19.429276,-99.1622422,"Calle Lucerna 62, Juárez, 06600 Juárez, CDMX, México",2.52,Mexican Peso,77.35
Mexico City,uberX,completed,2018-02-15T16:04:10.000Z,2018-02-15T16:12:02.000Z,19.363935,-99.1818,,2018-02-15T16:42:40.000Z,19.4289817,-99.1856,"115 Calle Rubén Darío 11560, MX",6.19,Mexican Peso,115.73
Mexico City,uberX,completed,2018-02-06T22:10:47.000Z,2018-02-06T22:12:55.000Z,19.3992744,-99.1381665,,2018-02-06T22:30:17.000Z,19.3527215,-99.1859421,"Av Insurgentes Sur 1971 I, 83144, MX",6.62,Mexican Peso,96.81
Mexico City,uberX,completed,2018-02-06T16:57:57.000Z,2018-02-06T17:00:53.000Z,19.40172,-99.155365,,2018-02-06T17:08:20.000Z,19.3992883,-99.1382817,"95 Calle Aragón 03400, MX",1.62,Mexican Peso,40.14
Mexico City,uberX,completed,2018-02-06T15:28:29.000Z,2018-02-06T15:35:43.000Z,19.4875519,-99.0490271,,2018-02-06T16:41:49.000Z,19.4019222,-99.1548253,"Av Cuauhtémoc 462 Esq con Viaducto Miguel Alemán, Ciudad de México, , MX",11.19,Mexican Peso,218.26
Mexico City,uberX,completed,2018-02-02T23:19:34.000Z,2018-02-02T23:37:13.000Z,19.4259933,-99.1956867,,2018-02-03T01:10:29.000Z,19.4615433,-99.0473083,"Bosque de Francia 64, Bosques de Aragon, 57170 Nezahualcóyotl, Méx., México",12.98,Mexican Peso,286.12
Mexico City,uberX,completed,2018-02-02T20:09:33.000Z,2018-02-02T20:21:13.000Z,19.3733983,-99.1790217,,2018-02-02T20:58:20.000Z,19.428885,-99.2069233,"Montes Urales 445, Lomas de Chapultepec, 11000 Ciudad de México, CDMX, México",5.49,Mexican Peso,120.79
Mexico City,uberX,completed,2018-02-02T19:20:56.000Z,2018-02-02T19:22:18.000Z,19.399281,-99.1381187,,2018-02-02T19:46:24.000Z,19.3734518,-99.1789696,"Parroquia 194, Ciudad de México, 03000, MX",6.31,Mexican Peso,85.96
Mexico City,uberX,completed,2018-02-02T17:25:28.000Z,2018-02-02T17:28:45.000Z,19.444612,-99.2146218,,2018-02-02T18:05:10.000Z,19.3986067,-99.1380852,"95 Calle Aragón 03400, MX",7.97,Mexican Peso,136.7
Mexico City,uberX,completed,2018-02-02T14:19:14.000Z,2018-02-02T14:23:49.000Z,19.4874997,-99.0489924,,2018-02-02T15:48:07.000Z,19.4445575,-99.2152969,"370 Calle Presa Salinillas 11500, MX",15.66,Mexican Peso,274.38
Mexico City,uberX,driver_canceled,2018-02-02T01:10:00.000Z,2018-02-02T01:12:37.000Z,19.42575776213939,-99.17109746515533,,,19.42583166031733,-99.16922149610699,"B. Polonia 4, Bosques de Aragon, 57170 Nezahualcóyotl, Méx., México",0.0,Mexican Peso,0.0
Mexico City,uberX,completed,2018-02-01T18:02:21.000Z,2018-02-01T18:06:32.000Z,19.4697183,-99.0528433,,2018-02-01T18:39:14.000Z,19.3992983,-99.1380483,"95 Calle Aragón 03400, MX",9.33,Mexican Peso,138.19
Mexico City,uberX,completed,2018-02-01T02:51:21.000Z,2018-02-01T02:52:18.000Z,19.39924,-99.1381117,,2018-02-01T03:29:56.000Z,19.4615683,-99.0473783,"28 Calle de los Bosques de Polonia 57170, MX",10.7,Mexican Peso,175.33
Mexico City,uberX,completed,2018-01-31T14:36:09.000Z,2018-01-31T14:38:45.000Z,19.4875582,-99.0490434,,2018-01-31T16:13:42.000Z,19.3607328,-99.2737458,"Lateral Aut México - Toluca 1235 Esq con Mario Pani, Ciudad de México, CMX 05300, MX",22.9,Mexican Peso,354.99
Mexico City,uberX,completed,2018-01-30T18:33:06.000Z,2018-01-30T18:38:32.000Z,19.42689912861159,-99.19284258047043,,2018-01-30T19:09:48.000Z,19.39935308155712,-99.13811193279209,"95 Calle Aragón 03400, MX",6.3,Mexican Peso,112.21
Mexico City,uberX,completed,2018-01-30T15:17:50.000Z,2018-01-30T15:20:04.000Z,19.4875117,-99.049055,,2018-01-30T16:19:56.000Z,19.42832,-99.1932817,"Campos Elíseos 204, Ciudad de México, 11560, MX",14.26,Mexican Peso,241.71
Mexico City,uberX,completed,2018-01-29T06:50:30.000Z,2018-01-29T06:51:35.000Z,19.4118279,-99.1721718,,2018-01-29T07:19:55.000Z,19.4875307,-99.0491288,"Av. Central 764, Valle de Aragon 1ra Secc, 57100 Nezahualcóyotl, Méx., México",13.9,Mexican Peso,159.44
Mexico City,uberX,completed,2018-01-29T04:40:29.000Z,2018-01-29T04:44:26.000Z,19.3930464,-99.1748135,,2018-01-29T04:55:19.000Z,19.4118976,-99.1720461,"Av Nuevo León 92, Ciudad de México, 06140, MX",2.08,Mexican Peso,40.14
Mexico City,uberX,completed,2018-01-28T17:54:57.000Z,2018-01-28T18:01:14.000Z,19.488285,-99.0488333,,2018-01-28T19:00:10.000Z,19.393029,-99.1741437,"Montecito 38, Nápoles, 03810 Ciudad de México, CDMX, México",13.12,Mexican Peso,216.14
Mexico City,uberX,completed,2018-01-28T06:34:44.000Z,2018-01-28T06:37:22.000Z,19.3932467,-99.1747367,,2018-01-28T07:16:53.000Z,19.54243,-99.0370317,"56 Calle Tezozomoc 55120, MX",19.88,Mexican Peso,220.59
Mexico City,uberX,completed,2018-01-27T16:57:44.000Z,2018-01-27T17:01:11.000Z,19.4875593,-99.0489996,,2018-01-27T17:37:11.000Z,19.3931616,-99.1746303,"Montecito 38, Nápoles, 03810 Ciudad de México, CDMX, México",12.38,Mexican Peso,160.72
Mexico City,uberX,completed,2018-01-27T05:58:53.000Z,2018-01-27T06:01:03.000Z,19.3932318,-99.174731,,2018-01-27T06:29:40.000Z,19.4875406,-99.0490862,"Av. Central 764, Valle de Aragon 1ra Secc, 57100 Nezahualcóyotl, Méx., México",13.14,Mexican Peso,155.9
Mexico City,uberX,completed,2018-01-26T16:08:45.000Z,2018-01-26T16:11:22.000Z,19.4616183,-99.04733,,2018-01-26T17:15:46.000Z,19.3930467,-99.1748683,"Montecito 38, Nápoles, 03810 Ciudad de México, CDMX, México",12.22,Mexican Peso,221.5
Mexico City,uberX,completed,2018-01-26T03:43:31.000Z,2018-01-26T03:44:27.000Z,19.3932517,-99.17471,,2018-01-26T04:24:57.000Z,19.4874383,-99.04911,"Av. Central 764, Valle de Aragon 1ra Secc, 57100 Nezahualcóyotl, Méx., México",12.98,Mexican Peso,191.87
Mexico City,uberX,completed,2018-01-25T22:44:38.000Z,2018-01-25T22:45:33.000Z,19.4875264,-99.049024,,2018-01-25T23:28:15.000Z,19.3931915,-99.1746745,"Montecito 38, Nápoles, 03810 Ciudad de México, CDMX, México",12.33,Mexican Peso,180.16
Mexico City,uberX,completed,2018-01-25T19:42:31.000Z,2018-01-25T19:44:20.000Z,19.3998371,-99.1729951,,2018-01-25T20:24:36.000Z,19.48754,-99.0490474,"Av. Central 764, Valle de Aragon 1ra Secc, 57100 Nezahualcóyotl, Méx., México",14.35,Mexican Peso,181.8
Mexico City,uberX,completed,2018-01-25T00:14:47.000Z,2018-01-25T00:43:20.000Z,19.3882832,-99.1730654,,2018-01-25T02:42:32.000Z,19.4873139,-99.0491272,"Av. Central 764, Valle de Aragon 1ra Secc, 57100 Nezahualcóyotl, Méx., México",16.7,Mexican Peso,590.16
